[
  {
    "titulo": "Somebody to Love",
    "rolesRequeridos": ["Voz Principal", "Guitarrista", "Bajista", "Baterista", "Pianista"]
  },
  {
    "titulo": "We Will Rock You",
    "rolesRequeridos": ["Voz Principal", "Guitarrista", "Bajista", "Baterista"]
  },
  {
    "titulo": "These Are the Days of Our Lives",
    "rolesRequeridos": ["voz principal", "guitarra eléctrica", "Bajista", "Baterista"]
  },
  {
    "titulo": "Under Pressure",
    "rolesRequeridos": ["Voz Principal", "Voz Principal", "guitarra eléctrica", "Bajista", "Baterista"]
  },
  {
    "titulo": "Through the Fire and Flames",
    "rolesRequeridos": ["Voz Principal", "Guitarra Eléctrica", "Guitarra Eléctrica", "Bajista", "Baterista"]
  }
]